track_id,spotify_playlists,spotify_charts,apple_playlists,apple_charts,deezer_playlists,deezer_charts,shazam_charts,streams
1,553,147,43,263,45,10,826,141381703
2,1474,48,48,126,58,14,382,133716286
3,1397,113,94,207,91,14,949,140003974
4,7858,100,116,207,125,12,548,800840817
5,3133,50,84,133,87,15,425,303236322
6,2186,91,67,213,88,17,946,183706234
7,3090,50,34,222,43,13,418,725980112
8,714,43,25,89,30,13,194,58149378
9,1096,83,60,210,48,11,953,95217315
10,2953,44,49,110,66,13,339,553634067
11,2876,40,41,205,54,12,251,505671438
12,422,55,37,202,21,5,168,58255150
13,12211,115,300,215,745,58,1021,1316855716
14,3528,98,80,156,182,24,1281,387570742
15,23575,130,403,198,863,46,0,2513188493
16,8109,77,183,162,161,12,187,1163093654
17,2942,77,91,212,78,6,0,496795686
18,873,104,80,227,95,24,1173,30546883
19,2610,40,43,100,54,14,187,335222234
20,596,68,8,104,23,2,29,363369738
21,332,26,11,163,10,4,0,86444842
22,516,38,73,119,42,1,150,52135248
23,12859,110,24,98,582,2,73,1297026226
24,1313,40,17,152,32,11,139,200647221
25,1945,87,74,182,87,14,1093,115364561
26,250,26,16,149,10,5,168,78300654
27,7112,77,202,119,318,38,96,899183384
28,859,40,35,109,41,14,211,61245289
29,2420,19,52,107,15,1,325,429829812
30,2988,101,0,0,143,38,0,127408954
31,864,78,71,135,50,1,294,22581161
32,266,34,20,185,13,8,197,52294266
33,6036,88,113,149,245,23,27,843957510
34,9082,56,242,142,165,9,310,999748277
35,4284,49,115,123,184,18,354,618990393
36,1150,31,22,33,34,7,184,123122413
37,672,34,19,108,24,9,212,188933502
38,11434,53,154,123,410,2,81,1355959075
39,7830,42,94,111,151,4,82,786181836
40,584,28,16,159,15,6,100,176553476
41,692,25,10,107,6,3,62,354495408
42,24094,78,372,117,843,4,69,2808096550
43,12482,80,291,184,537,45,727,1109433169
44,13387,64,77,58,247,1,311,1047101291
45,1117,80,82,145,65,16,1133,65156199
46,3372,19,65,48,138,1,102,570515054
47,8431,76,241,127,458,37,332,1085685420
48,2483,59,68,21,24,0,259,1647990401
49,29536,79,281,137,0,1,140,2565529693
50,3408,47,87,86,74,1,16,518745108
51,1298,38,44,64,57,10,110,107753850
52,4277,66,145,111,213,11,810,177740666
53,1133,39,14,71,23,10,176,153372011
54,2259,59,0,0,109,17,0,57876440
55,18371,83,250,122,0,19,0,1813673666
56,43899,69,672,199,0,20,0,3703895074
57,2649,42,67,79,57,1,615,256483385
58,6804,45,139,111,161,15,210,1214083358
59,525,41,34,115,39,6,216,16011326
60,7923,29,106,112,142,4,215,812019557
61,731,15,27,17,73,4,167,111947664
62,5184,41,154,84,102,14,37,156338624
63,3107,39,38,0,4,0,0,720434240
64,4053,50,82,121,182,12,171,357925728
65,4637,38,63,79,89,11,16,674072710
66,31358,43,196,2,0,5,0,1755214421
67,3818,23,37,55,32,0,272,404562836
68,3506,56,105,64,169,8,529,373199958
69,410,36,36,32,31,1,26,14780425
70,148,24,32,93,8,2,5,39578178
71,1004,35,42,80,58,3,169,54266102
72,22543,63,386,144,707,28,0,2557975762
73,4511,36,70,58,109,18,230,751134527
74,16413,61,166,87,0,1,0,2282771485
75,8506,45,94,65,164,14,176,1356565093
76,33898,62,233,0,0,9,0,1592909789
77,3246,23,94,85,68,1,84,635412045
78,8576,42,216,108,331,26,154,1230675890
79,3618,38,47,74,80,14,194,585695368
80,370,20,12,16,18,4,93,43857627
81,31123,55,300,65,0,1,0,2009094673
82,2790,30,60,96,71,0,115,600976848
83,267,9,9,6,25,2,72,39709092
84,139,17,16,72,5,0,8,39228929
85,17050,36,492,99,798,31,0,2665343922
86,2114,44,80,75,110,11,323,223633238
87,17836,53,440,125,0,0,0,2887241814
88,8870,43,104,120,141,26,49,1440757818
89,6060,53,150,148,0,22,1451,165484133
90,641,50,1,52,8,0,1170,58054811
91,1446,12,57,97,35,0,429,157058870
92,804,25,29,76,24,0,162,95131998
93,1962,38,28,89,29,5,82,250305248
94,4875,23,19,45,0,0,10,685032533
95,31,39,2,107,8,0,0,38411956
96,2175,23,69,145,69,2,478,144565150
97,2000,46,49,105,63,1,0,127567540
98,2839,25,58,156,42,1,236,399686758
99,20333,52,89,143,0,3,200,983637508
100,674,47,20,106,25,4,78,118482347
101,8448,23,160,110,163,0,5,882831184
102,2110,58,17,119,19,2,266,286400165
103,2528,39,56,91,59,3,486,172825906
104,12985,61,49,98,0,5,204,1241559043
105,77,35,8,166,4,4,34,29562220
106,266,27,6,40,6,6,202,77309611
107,21097,52,384,135,0,37,312,1605224506
108,3423,21,41,100,59,1,32,1116995633
109,4198,44,98,108,327,17,153,838079900
110,14739,43,88,112,0,5,519,1163620694
111,26792,32,69,113,695,0,458,1093605526
112,213,6,7,6,0,0,48,179659294
113,58,18,2,106,4,2,184,39058561
114,99,15,21,52,6,1,0,36912123
115,41751,25,101,32,0,0,666,1205951614
116,21164,36,80,65,476,0,14,1791000570
117,2988,59,74,102,145,18,925,201660859
118,893,38,19,23,24,3,88,248088961
119,1094,34,40,58,47,8,203,90839753
120,7324,22,25,81,61,1,44,607123776
121,201,11,19,117,8,1,74,55842345
122,5120,48,161,115,246,9,638,211050784
123,2346,27,69,12,38,8,64,342897938
124,763,26,21,110,21,9,71,2762
125,457,24,8,116,4,3,2,330346424
126,3430,38,45,69,52,4,3,601863821
127,6074,52,201,44,0,2,0,1953533826
128,21915,34,437,115,0,12,0,2322580122
129,15032,30,221,96,0,2,136,2355719893
130,871,32,25,59,32,5,88,66902503
131,451,33,10,126,7,0,148,96273746
132,1783,27,26,124,15,1,22,430977451
133,9389,46,24,122,282,3,368,284819874
134,5724,44,119,108,254,29,22,721975598
135,13985,25,30,80,588,1,1,1217120710
136,1051,16,31,37,31,0,189,109276132
137,1682,46,24,90,30,1,176,276259178
138,182,8,3,88,1,0,52,54225632
139,16596,13,7,0,0,0,0,2559529074
140,2335,23,82,55,50,0,9,681583126
141,18986,23,250,121,0,10,31,2594040133
142,283,7,6,9,26,1,66,81102253
143,293,8,5,2,30,2,66,11956641
144,21081,43,98,76,0,5,0,1687664027
145,437,31,17,29,26,3,208,11599388
146,1275,32,13,8,5,0,1,611700552
147,6135,38,71,113,99,13,28,1133865788
148,20015,16,107,69,0,0,558,1089402494
149,1507,14,24,71,44,1,195,411747614
150,539,21,7,71,4,2,13,255932395
151,86,8,7,76,3,1,93,31873544
152,324,14,13,110,8,2,60,95053634
153,17138,37,119,81,974,1,503,1279434863
154,894,9,14,88,66,3,72,233801632
155,1622,9,0,0,356,0,0,1481349984
156,561,14,4,14,12,5,56,142095275
157,5871,27,81,121,58,1,34,618885532
158,29215,43,179,97,0,11,153,2011464183
159,5866,24,107,38,95,0,0,1167330737
160,3859,26,133,181,3,0,0,929964809
161,961,26,19,143,10,6,15,436027885
162,6457,18,98,95,453,0,454,657723613
163,43257,24,433,107,0,0,26,2713922350
164,4564,16,24,101,113,0,40,621660989
165,12688,13,197,115,112,0,200,1591223784
166,13801,19,137,125,435,6,285,950906471
167,22439,19,211,74,929,0,129,1593270737
168,18515,35,70,82,939,1,162,1410088830
169,36843,21,321,91,0,1,58,1235005533
170,2420,11,0,0,806,0,0,1661187319
171,5897,19,0,0,885,0,0,1374581173
172,727,16,17,60,28,1,44,94186466
173,33783,26,133,92,0,1,26,1788326445
174,26694,13,65,82,0,4,13,1840364617
175,356,16,35,102,8,1,117,143573775
176,6518,17,45,85,238,1,47,684675814
177,21335,13,328,70,0,9,20,1113838873
178,23389,29,54,70,0,2,1,1267333350
179,3202,18,148,80,226,24,0,726307468
874,3202,18,148,80,226,24,0,726307468
180,32181,10,33,0,0,7,0,3562543890
181,7124,18,60,20,2,0,0,1131090940
182,592,14,11,84,6,1,30,307370144
183,36724,7,146,72,0,5,80,1271293243
184,794,10,38,25,61,0,263,265882712
185,13091,17,61,96,790,2,116,841749534
186,67,8,7,10,0,0,57,47956378
187,21574,30,112,68,266,1,39,806397070
188,19664,16,391,73,633,3,37,2132335812
189,21106,13,82,0,0,0,0,1641426668
190,23804,31,187,99,0,1,0,2135158446
191,849,22,27,129,21,7,111,367316268
192,2619,12,47,90,1,0,7,350381515
193,9037,42,124,133,139,14,166,1264310836
194,86,11,3,33,3,0,1,30343206
195,1788,14,1,50,19,0,19,405136812
196,15890,14,71,37,653,0,167,1145727611
197,492,36,4,3,19,0,0,540654286
198,773,33,20,46,21,8,99,57312735
199,1154,22,28,125,11,1,51,397582059
200,44927,17,34,0,0,6,0,1479115056
201,551,4,13,46,20,1,10,86773632
202,577,14,22,18,15,1,0,133753727
203,955,29,37,50,79,11,31,123124076
204,995,19,12,117,9,5,3,463564958
205,178,6,6,71,1,0,31,64533040
206,290,19,9,101,5,0,73,65496046
207,547,0,15,15,6,0,0,68616963
208,681,10,15,92,21,2,26,161460990
209,332,5,18,41,5,0,19,70106975
210,1197,13,44,34,25,1,171,113509496
211,262,5,8,60,4,1,109,89933133
212,161,6,10,79,2,0,42,71007139
213,185,3,5,6,4,1,33,43522589
214,839,18,20,110,20,0,69,232896922
215,259,0,5,17,5,0,0,37126685
216,2915,30,116,69,107,3,675,195576623
217,5129,25,116,84,114,18,348,532336353
218,3794,34,47,77,53,10,8,538115192
219,588,0,23,21,31,0,0,46142772
220,2959,16,41,69,38,0,36,401036314
221,291,8,8,78,4,1,1,127026613
222,2321,36,29,65,34,5,3,345031710
223,536,10,10,72,8,3,14,288101651
224,359,2,1,0,9,0,0,60350538
225,4096,6,118,48,143,0,240,335074782
226,349,69,8,96,5,0,56,76767396
227,381,5,23,82,6,0,113,46065667
228,2461,36,47,66,45,5,6,459276435
229,277,1,1,20,5,0,1,39666245
230,967,5,7,29,51,1,29,138517666
231,8186,12,155,72,131,16,29,822633917
232,7842,10,215,88,330,26,23,595900742
233,215,6,6,14,8,2,4,51985779
234,1134,22,39,14,48,2,3,57945987
235,1305,34,29,26,43,5,44,115010040
236,2066,6,58,70,43,0,182,175097833
237,896,0,34,2,33,0,1,57089066
238,3763,8,51,43,38,10,1,488386797
239,197,0,3,10,3,0,0,32761689
240,4004,33,34,65,43,6,2,1047480053
241,984,5,8,57,76,2,49,153454328
242,1240,24,51,29,63,4,54,217672943
243,3995,13,72,27,47,0,0,457184829
244,7681,13,119,66,0,2,0,939844851
245,4427,4,69,100,154,20,438,726434358
246,4657,18,84,84,42,0,23,573633020
247,10195,20,258,87,657,22,9,1406111294
248,269,4,7,2,30,1,11,71573339
249,214,0,3,3,6,0,0,24975653
250,845,2,12,57,47,1,33,145458418
251,20763,27,81,53,0,1,17,1424589568
252,1267,20,41,22,56,4,84,231332117
253,2585,32,3,79,21,1,54,415932686
254,6330,6,109,42,158,3,31,988515741
255,675,1,9,13,11,0,1,50847624
256,715,0,37,3,27,0,50,39893489
257,327,13,14,110,9,0,49,92035115
258,244,12,6,84,10,2,9,118810253
259,385,4,17,7,41,1,29,77233241
260,1020,35,15,26,30,6,0,206399629
261,1730,3,46,5,51,0,20,117747907
262,2127,33,45,80,53,8,4,266624541
263,3242,9,67,55,48,0,6,293186992
264,526,10,15,93,30,0,320,139681964
265,366,15,16,102,7,0,55,123132751
266,472,2,0,0,6,0,0,103762518
267,432,12,8,14,12,2,33,162887075
268,271,12,16,103,9,0,55,91221625
269,816,4,21,4,13,0,4,190490915
270,1169,0,36,65,28,0,0,96180277
271,1282,6,26,6,19,0,5,185240616
272,6587,34,114,104,147,11,20,885093467
273,1444,4,0,0,0,0,0,104992946
274,356,10,4,64,4,2,37,147290338
275,10147,30,234,71,543,18,0,1302184087
276,265,6,8,84,5,1,4,158950978
277,351,9,16,90,10,0,64,76910644
278,158,4,5,6,1,1,18,137123880
279,7613,33,180,90,422,15,55,782369383
280,3956,6,142,23,127,3,16,502574952
281,1638,10,0,0,21,0,0,207033255
282,924,18,17,80,22,9,38,404887295
283,1985,35,34,26,37,5,1,381161027
284,6339,13,3,1,36,1,37,466231982
285,1561,24,18,78,24,0,30,357580552
286,875,4,17,13,27,0,43,61105704
287,406,5,3,31,2,1,0,198275403
288,340,13,4,71,16,1,9,168448603
289,4188,15,30,70,142,0,27,705469769
290,105,0,5,9,5,0,0,34502215
291,1524,17,53,120,62,0,2,482175240
292,2651,30,21,55,32,3,0,304118600
293,11087,6,151,107,801,1,105,1449799467
294,373,19,4,72,5,0,5,173627354
295,200,4,8,77,2,1,1,90025258
296,3741,17,156,35,110,19,0,652704649
297,32502,21,247,54,0,1,51,1829992958
298,7615,14,18,51,0,0,0,655466831
299,1208,34,10,41,20,0,1,146409671
300,209,4,4,45,11,2,24,95816024
301,1235,9,20,8,15,0,6,117206995
302,654,3,11,3,18,1,1,100409613
303,1479,0,23,0,18,0,33,80758350
304,4942,26,190,104,147,18,63,325592432
305,709,0,8,1,13,0,0,58473276
306,660,0,22,7,11,0,78,52722996
307,489,17,4,11,5,1,2,191945597
308,407,0,16,15,5,0,1,77377503
309,7461,8,166,42,199,16,58,743693613
310,993,4,30,84,88,1,28,267789608
311,9161,5,240,98,468,3,10,1221813483
312,3282,12,67,84,46,16,117,449701773
313,596,0,29,9,12,0,52,67070410
314,320,6,5,48,2,1,9,116334601
315,2612,4,19,29,21,0,0,433356509
316,2040,4,81,27,66,9,444,165584767
317,2128,9,37,88,9,0,14,367814306
318,2598,37,28,57,43,8,85,477033549
319,542,2,23,2,21,0,0,156214700
320,2459,20,20,68,50,0,22,448843705
321,10624,17,21,0,386,0,0,1357608774
322,2418,26,52,66,55,1,16,294352144
323,7536,7,44,19,135,0,6,972164968
324,10431,7,71,53,181,0,10,920045682
325,15722,16,231,37,0,0,13,2420461338
326,25744,4,122,94,0,0,18,1947371785
327,1640,0,27,27,29,1,1,244658767
328,34,0,0,0,0,0,0,68216992
329,1845,16,20,8,30,2,0,223582566
330,3301,30,72,64,64,6,3,471819764
331,1911,0,23,71,14,0,9,272377463
332,20111,5,39,0,0,0,0,1361425037
333,1529,0,32,18,39,2,0,149778242
334,615,2,22,82,8,0,9,116599790
335,811,4,11,58,5,0,21,148469433
336,5730,10,108,16,197,3,165,497225336
337,356,4,4,20,0,0,0,88791109
338,604,6,22,101,0,0,66,125917280
339,1190,0,29,3,18,0,19,105062254
340,579,0,11,54,0,0,103,95623148
341,1553,2,61,6,48,0,150,144584800
342,2301,20,49,23,110,0,8,298063749
343,134,4,4,6,0,0,23,166570053
344,430,0,15,17,0,0,0,83021468
345,86,0,11,101,0,0,48,139836056
346,629,14,32,3,9,0,0,303216294
483,629,14,32,3,9,0,0,303216294
347,1701,15,30,15,34,2,47,221409663
348,329,0,14,35,1,0,0,58890931
349,1168,0,45,11,20,0,21,81419389
350,162,6,1,10,1,0,1,156777415
351,2536,6,59,100,58,13,2,284908316
352,387,11,11,15,14,3,1,93438910
353,892,17,20,119,12,2,7,363472647
354,3909,0,66,26,277,3,734,372476382
355,3645,15,118,34,150,4,19,380726517
356,282,0,6,15,0,0,0,56533272
357,888,22,11,24,7,1,7,175399345
358,968,4,16,53,1,0,61,203221468
359,25065,6,63,0,0,2,0,1624165576
360,531,4,20,1,71,2,0,134294498
361,242,0,12,2,13,0,4,70069745
362,5281,14,94,21,80,15,38,609293408
363,2590,30,20,64,35,6,0,671365962
364,1769,34,16,19,21,3,4,362361576
365,454,4,6,1,21,0,1,93587665
366,6180,7,122,88,580,21,10,1223481149
367,3600,11,7,0,203,0,2,1022258230
368,1254,6,26,69,73,2,6,263453310
369,6398,31,177,109,305,3,5,1435127549
370,660,15,19,59,18,5,52,236857112
371,1283,0,57,4,48,0,0,147538971
372,8084,6,45,115,218,1,221,698086140
373,2332,2,0,0,25,0,0,723894473
765,2332,2,0,0,25,0,0,723894473
374,203,0,5,9,0,0,0,34450974
375,685,14,24,94,9,0,23,403097450
376,2460,13,53,7,56,3,1,309483971
377,288,6,11,80,1,0,8,319566866
378,4572,33,74,113,85,9,2,909001996
379,6127,13,0,0,0,0,0,1061966512
380,166,0,2,10,0,0,0,32526947
381,1838,0,105,41,114,1,59,124988687
382,1890,0,86,1,49,0,9,103787664
383,2098,16,88,24,101,7,451,134255790
384,761,12,23,95,11,0,3,301051721
385,1225,0,27,0,28,13,0,156338624
386,415,2,15,40,21,1,15,152850295
387,3469,0,71,95,31,0,2,309653982
388,3311,0,129,31,212,1,41,297328960
389,2616,0,113,17,208,0,192,332506354
390,3006,16,47,60,87,12,124,480507035
391,4260,0,113,92,259,0,1,1065580332
392,482,0,9,1,12,4,3,122763672
393,4013,10,107,44,750,22,0,445763624
394,138,4,13,78,2,0,0,1365184
395,1368,0,12,1,11,0,8,184308753
396,17852,4,69,76,335,0,0,789753877
397,889,20,11,78,35,0,21,323358833
398,4796,9,124,66,212,13,1,606361689
399,658,6,33,7,53,2,0,120972253
400,3009,2,68,89,65,0,25,338564981
401,17492,3,136,24,0,0,30,1606986953
402,6170,7,82,1,231,0,2,1301799902
403,130,4,21,79,2,0,0,140187018
404,27705,10,537,122,0,6,0,1897517891
405,359,0,12,56,13,0,13,107642809
406,1963,16,57,119,77,1,13,551305895
407,5491,14,128,84,75,0,35,556585270
408,27119,0,532,77,0,3,8,2303033973
409,1776,14,1,9,3,0,0,646886885
410,1473,4,27,64,66,1,4,222612678
411,13315,0,300,47,690,0,0,1814349763
412,4057,8,78,21,240,1,52,872137015
413,3045,6,43,53,134,1,32,571386359
414,3006,12,54,32,66,2,0,304079786
415,852,0,14,1,50,0,0,174006928
416,2163,15,72,97,58,0,154,284785823
417,1484,0,22,51,12,0,0,163284000
418,1703,0,38,45,36,16,0,246390068
419,4169,44,57,44,183,1,11,482257456
420,1054,0,9,0,15,0,1,168684524
421,2849,0,39,45,27,0,1,78489819
422,1602,0,12,22,12,0,2,195516622
423,9644,28,120,86,164,4,0,1260594497
424,4827,0,104,17,76,9,2,428685680
425,21811,0,117,1,676,3,0,1024858327
426,168,0,0,0,5,0,0,838586769
427,688,0,14,1,17,0,2,199386237
428,10565,44,238,122,557,17,58,972509632
429,1612,0,34,54,34,0,2,213438580
430,12755,8,344,97,945,15,0,1555511105
431,574,4,38,101,26,0,0,210038833
432,2499,0,70,0,49,0,0,227918678
433,10426,2,133,109,182,1,10,826623384
434,15894,8,198,13,544,0,60,1802514301
435,9424,0,202,50,463,4,0,1329090101
436,713,7,2,4,6,0,0,181831132
437,7758,28,173,79,175,0,168,462791599
438,2537,2,8,18,20,0,1,348647203
439,292,6,26,98,4,0,0,366599607
440,323,0,4,0,14,0,0,90598517
441,14143,4,56,38,0,1,0,1479264469
442,25653,0,387,132,0,0,0,1449779435
443,22153,0,274,111,0,0,0,1159176109
444,14994,0,191,168,206,0,0,769213520
445,10326,0,165,99,104,0,0,741301563
446,12353,0,35,0,549,0,0,807561936
447,9408,0,231,106,439,0,0,834129063
448,8879,0,182,107,160,0,1,663832097
449,6512,0,88,1,277,0,0,446390129
450,5140,0,85,110,500,0,0,690104769
451,6596,0,144,99,251,0,0,485285717
452,3788,0,21,3,10,0,0,520034544
453,7655,0,5,0,291,0,0,476244795
454,9577,0,195,111,310,0,0,629173063
455,10114,0,114,74,262,0,0,404664135
456,1007,0,5,31,1,0,0,98709329
457,1127,0,16,63,8,0,0,110849052
458,10829,0,130,1,390,0,0,460492795
459,1042,0,7,29,3,0,0,94005786
460,7930,0,108,120,73,0,0,395591396
461,11500,0,140,72,251,0,0,389771964
462,1685,0,1,0,29,0,0,403939487
463,14169,0,209,30,449,0,0,481697415
464,1634,0,16,20,4,0,0,110073250
465,906,0,6,21,3,0,0,88092256
466,1087,0,90,35,5,0,0,351636786
467,10585,0,126,108,406,0,0,473248298
468,827,0,6,18,1,0,0,73981293
469,1420,4,13,87,17,0,46,155653938
470,11940,0,73,79,123,0,0,395591396
471,888,0,50,0,6,0,0,429504768
472,9122,0,121,58,212,0,0,242767149
473,892,0,3,17,2,0,0,65362788
474,989,0,5,9,1,0,0,67540165
475,819,0,14,22,0,0,0,62019074
476,2209,0,72,90,141,0,0,135723538
477,6290,0,89,39,158,0,0,295998468
478,6952,0,115,53,286,0,0,261116938
479,313,2,10,6,7,1,9,136689549
480,353,2,2,74,14,0,2,135611421
481,4094,0,66,96,43,0,0,356709897
482,880,0,3,7,10,0,0,110649992
346,573,0,1,0,18,0,24,301869854
483,573,0,1,0,18,0,24,301869854
484,3299,0,65,39,41,0,0,127027715
485,811,0,6,11,3,0,0,57144458
486,899,0,2,14,2,0,0,56870689
487,2415,0,33,57,30,0,11,323437194
488,2304,0,12,16,14,0,0,317726339
489,1003,0,21,0,44,0,0,116144341
490,2699,0,39,35,22,2,0,328207708
491,2482,20,27,77,22,2,0,608228647
492,2577,0,108,56,30,0,0,180577478
493,6821,34,83,58,128,7,0,809306935
494,714,0,0,9,2,0,0,49262961
495,3185,4,38,64,37,3,36,614555082
496,8612,0,120,30,52,0,1,245350949
497,4326,0,32,3,65,0,0,178660459
498,680,0,2,15,1,0,0,51641685
499,398,0,2,2,6,0,2,78139948
500,3328,13,39,50,57,3,1,322336177
501,7215,0,170,12,575,18,0,1007612429
502,4440,0,81,77,133,0,0,326792833
503,2881,6,13,89,34,0,3,391251368
504,2235,0,65,7,70,16,6,349585590
505,3711,0,49,88,62,0,0,339659802
506,12403,0,183,63,465,0,11,674772936
507,2785,0,95,89,44,0,0,432719968
508,14114,17,252,109,965,20,0,1309887447
509,1915,0,7,47,15,0,0,119238316
510,2297,0,11,29,14,0,0,116903579
511,4375,0,24,0,396,0,0,888046992
512,2800,0,18,77,61,0,1,200660871
513,2597,0,17,80,38,0,0,130655803
617,2597,0,17,80,38,0,0,130655803
514,15563,6,259,55,461,1,0,1887039593
515,1420,0,7,18,7,0,0,88103848
516,1292,0,3,18,14,0,0,101114984
517,15867,0,382,65,497,0,12,1575467011
518,1178,0,9,10,9,0,0,91656026
519,6672,0,125,36,150,0,0,1042568408
520,12329,0,275,19,738,0,0,1735441776
521,5669,2,74,0,262,14,0,726837877
522,811,0,1,8,6,0,0,53933526
523,1756,0,38,48,20,0,0,267758538
524,1014,0,1,17,11,0,0,74601456
525,7963,0,173,7,298,0,4,920797189
526,4771,0,68,18,75,0,1,539595276
527,8559,0,183,64,964,9,75,1367810478
528,3221,2,67,13,139,0,40,578207856
529,3423,26,61,65,53,6,0,775542072
530,2566,13,44,109,131,0,0,863625566
531,9151,6,240,107,268,0,5,656013912
532,8476,0,138,133,283,0,0,1056760045
533,7495,17,114,172,284,2,0,611994237
534,5257,6,85,43,134,0,0,1230855859
535,1795,0,34,23,118,0,0,582981380
536,12685,3,185,61,485,0,0,1858144199
537,648,1,14,3,81,0,0,240684449
538,4635,5,50,49,30,1,2,583687007
539,1184,0,1,5,6,0,0,63803529
540,4431,0,105,7,199,0,0,466214729
541,759,3,32,0,12,0,0,236940480
542,733,0,0,2,2,0,0,41924466
543,2795,0,45,0,107,0,0,225259194
544,2780,2,54,21,57,1,0,393230256
545,1950,0,56,8,104,0,10,287201015
546,3947,12,33,102,93,0,30,599770206
547,2551,0,52,15,35,0,1,342779426
548,5375,10,138,24,133,0,1,673801126
549,11975,8,188,75,268,6,16,1168642797
550,2696,0,42,2,57,0,0,540539717
551,4963,0,63,40,76,0,0,383550148
552,6734,0,47,14,90,0,1,530511203
553,715,0,0,1,2,0,0,37307967
554,3047,9,77,31,85,5,28,510876816
555,14140,0,231,52,612,6,0,1445941661
556,11215,21,189,166,525,9,25,1763363713
557,1678,12,20,4,15,1,3,374191487
558,2035,0,41,122,394,0,2,108809090
559,2780,2,86,76,59,0,16,436695353
560,4091,0,105,2,73,13,1,421040617
561,2868,0,43,15,116,0,0,501541661
562,3643,0,69,3,70,0,3,354065229
563,4779,6,180,135,223,0,5,1143647827
564,3517,0,54,28,43,0,0,311395144
565,5073,0,83,9,100,0,4,672656250
566,7545,4,117,39,141,0,46,1256880657
567,8528,5,239,163,583,0,0,1692897992
568,2979,0,44,0,159,0,0,245095641
569,7731,2,110,145,447,0,46,686734357
570,1057,0,17,5,21,0,0,261414174
571,3272,19,101,34,70,1,2,610045621
572,14417,0,237,123,569,0,10,1115880852
573,5199,0,45,43,45,0,3,594482982
574,6026,0,171,51,187,1,21,566954746
575,2877,0,16,0,54,0,0,0
576,4640,3,81,93,507,6,4,374706940
577,1150,0,20,38,12,0,0,184937148
578,768,0,1,1,3,0,0,31959571
579,925,0,24,47,74,0,0,167076418
580,3006,3,23,21,121,0,13,824420218
581,3098,0,111,5,182,1,0,363467642
582,9771,4,42,70,384,0,3,1127468248
583,807,0,3,0,5,0,0,60680939
584,521,1,17,89,11,0,0,247737946
585,12854,0,237,27,636,0,0,1699402402
586,802,0,13,27,8,0,0,154797871
587,731,0,14,14,24,0,4,198883004
588,788,0,13,0,32,1,0,124407432
589,3069,4,25,46,105,0,45,850608354
590,4651,0,24,6,105,0,0,376333030
591,4999,0,43,19,73,12,0,516784627
592,8327,24,205,130,625,0,25,1608045237
593,3297,3,25,3,52,0,1,506778838
594,35684,6,195,125,0,2,78,1472799873
595,3506,10,103,76,100,1,1,513643924
596,2999,0,60,17,154,0,22,261286503
597,3681,0,20,21,99,0,7,783706581
598,4846,10,54,16,259,0,13,422691058
599,14311,0,255,32,582,0,14,1062345656
600,8207,0,175,55,95,0,2,1252563873
601,4873,0,65,88,434,3,13,851070493
602,772,0,7,3,89,0,0,263894529
603,1150,0,20,99,44,0,2,345903614
604,5398,4,111,127,210,0,37,951637566
605,7370,0,92,127,0,0,62,956865266
606,6890,0,122,11,201,0,1,427486004
607,1966,0,4,2,50,0,0,156658366
608,2226,0,29,0,44,0,0,624515457
609,4204,0,39,45,250,0,0,777765388
610,1959,0,19,0,38,0,0,412795151
611,7191,0,146,18,478,0,7,1138474110
612,2012,0,101,12,38,0,0,355219175
613,1211,2,30,2,5,0,6,290228626
614,7109,2,5,0,862,0,0,1062956628
615,6638,0,167,19,318,0,1,1180094974
616,17354,8,92,122,0,0,55,1456081449
513,6392,0,174,73,344,0,0,432702334
617,6392,0,174,73,344,0,0,432702334
618,5481,0,144,30,86,0,0,489945871
619,2636,3,36,82,39,0,5,465959382
620,824,0,8,8,8,2,0,1223481149
621,24529,0,533,167,0,6,0,2864791672
622,14749,0,188,34,710,0,5,2288695111
623,8087,0,92,34,131,0,0,720825549
624,27221,0,308,118,0,2,77,2086124197
625,49991,9,265,121,0,4,160,1690192927
626,6646,0,107,47,584,1,0,991336132
627,5403,6,118,116,96,0,3,593917618
628,755,4,22,3,0,0,0,200972675
629,254,0,0,4,23,0,0,71014967
630,6308,5,114,15,63,0,2,560222750
631,51979,15,306,99,0,2,120,1806617704
632,246,0,2,12,10,0,0,77337771
633,6556,0,93,5,67,1,0,528544703
634,5728,0,85,87,179,0,12,865640097
635,16636,12,368,155,0,6,121,2159346687
636,461,0,10,56,17,0,0,211372494
637,4893,4,143,24,110,0,70,651732901
638,1801,2,77,134,74,0,2,608334048
639,12043,0,209,54,710,0,18,863756573
640,4731,0,141,12,78,0,0,797402345
641,22923,0,78,46,0,1,0,1695712020
642,9974,2,272,67,0,1,19,1759567999
643,1560,0,72,0,0,0,0,223319934
644,620,0,17,3,3,0,0,54937991
645,3270,0,89,21,65,0,0,226897599
646,580,0,24,92,93,0,0,258316038
647,3406,16,61,23,70,1,0,596152090
648,903,0,30,26,15,0,0,177129919
649,6809,28,151,102,175,5,29,716591492
650,33966,0,141,78,0,1,0,1210599487
651,590,5,4,113,20,0,1,246376690
652,3766,0,76,0,102,0,2,496311364
653,1430,0,46,1,34,0,0,146789379
654,31762,0,142,40,0,1,953,843309044
655,4049,0,119,6,85,1,1,500340342
656,2096,0,34,3,30,0,0,107255472
657,1175,0,34,1,31,0,0,135079152
658,29499,11,124,27,587,0,4,822239726
659,30427,7,235,106,0,1,35,1202722675
660,2711,0,105,12,51,0,12,343197054
661,4310,0,13,0,113,1,3,240769997
662,5342,0,33,123,7,0,4,426204830
663,2393,0,22,13,65,0,6,421135627
664,3444,7,24,85,102,0,1,554875730
665,5443,0,45,1,80,0,12,467727006
666,272,4,7,21,2,0,0,327498031
667,975,0,11,0,10,0,0,185408548
668,1034,1,19,5,12,0,0,245400167
669,18773,0,128,17,0,0,0,579395142
670,19067,0,78,15,0,0,3,675039469
671,3541,2,57,13,50,1,7,252871192
672,1492,0,44,63,91,0,24,231996128
673,33206,1,284,114,0,0,5,1929770265
674,17115,0,83,63,0,0,0,918915401
675,6955,0,65,45,398,0,1,1180896317
676,2742,0,5,1,62,0,0,498960285
677,4214,11,21,20,40,0,0,685071800
678,2026,0,47,3,42,12,6,258714692
679,352,0,10,0,39,0,0,143139338
680,1517,0,42,7,15,0,4,209768491
681,847,0,25,0,14,0,0,64714573
682,910,0,20,3,24,0,0,50746620
683,601,0,28,73,64,0,0,154119539
684,1800,0,43,36,46,13,4,181328253
685,1930,0,3,0,28,0,1,370068639
686,33032,0,363,129,0,0,28,2280566092
687,6332,0,47,116,266,0,0,563902868
688,509,9,8,106,6,0,8,317622165
689,971,2,35,104,93,1,0,291709698
690,2578,0,8,67,66,0,0,203680270
691,1064,0,42,1,26,0,0,81350745
692,3618,0,21,86,138,0,2,282883169
693,1040,0,8,0,29,0,0,64787943
694,15010,2,453,50,0,1,8,2484812918
695,4708,0,13,7,55,0,1,461437791
696,13454,1,246,71,519,2,5,1439191367
697,4890,20,52,42,100,0,0,759208783
698,9514,0,45,27,0,0,43,368646862
699,3501,0,69,2,51,11,0,299634472
700,6111,4,185,40,492,9,35,756907987
701,5415,32,46,16,53,1,2,682475162
702,4673,2,123,113,180,1,4,546191065
703,1856,3,29,40,31,1,1,229473310
704,200,2,12,4,0,0,0,202677468
705,1888,0,26,1,58,0,0,121913181
706,911,2,45,0,99,1,1,208166039
707,2954,2,18,82,0,0,5,527033089
708,461,0,7,11,13,0,0,94616487
709,2844,2,29,2,35,1,0,394030335
710,2939,0,42,0,24,0,0,193443895
711,695,11,16,41,13,1,1,299648208
712,328,0,10,21,7,0,9,182978249
713,866,16,27,84,32,7,11,319757142
714,1550,0,0,0,14,0,0,109091573
715,1729,0,26,1,19,0,0,153240879
716,2005,0,16,5,43,0,7,346127840
717,1188,0,13,1,15,0,1,312622938
718,40112,3,321,162,0,8,17,2197010679
719,3659,0,11,10,267,0,7,1200808494
720,9833,0,233,82,531,1,1,797196073
721,50887,34,315,160,0,1,46,1970673297
722,3257,0,10,0,70,0,0,665765558
723,1473,0,2,0,12,0,10,263779030
724,2226,0,36,2,11,0,14,339473453
725,23375,21,336,188,0,3,30,2204080728
726,28032,0,315,159,0,0,44,2591224264
727,290,0,9,66,10,0,0,135444283
728,42798,0,217,136,0,1,0,1457139296
729,2605,0,15,48,50,0,3,236872197
730,8737,0,163,32,137,15,12,694525298
731,1105,0,32,0,19,0,0,240661097
732,2499,21,68,24,43,1,0,421365166
733,2697,1,55,3,32,0,0,349746291
734,2092,0,75,11,44,0,14,255120451
735,1185,0,21,0,31,0,0,190981339
736,11985,0,79,80,250,3,10,924193303
737,753,8,28,124,13,0,1,305771063
738,2995,0,49,17,30,0,0,273005485
739,225,0,11,0,7,0,0,89566512
740,9243,0,155,5,577,0,6,677389855
741,918,0,24,0,52,0,0,75476209
742,1959,9,52,25,32,0,10,408843328
743,540,4,26,3,39,0,0,187772591
744,859,0,14,0,11,0,0,178512385
745,1116,0,31,9,15,0,1,101780047
746,273,2,12,2,4,0,0,118381354
747,686,2,11,6,12,0,15,146363130
748,226,0,5,0,4,0,1,126443991
749,1264,0,20,4,52,0,1,157990698
750,870,0,32,0,49,0,0,176290831
751,7556,0,124,24,254,0,8,1023187129
752,1370,0,46,8,60,0,0,106933107
753,315,2,27,2,31,0,0,139193812
754,651,0,6,188,20,0,0,212234990
755,12382,0,229,57,0,2,71,1714490998
756,625,0,10,2,13,0,1,197643795
757,8429,1,85,24,200,0,2,807015863
758,52898,0,203,1,0,0,0,933815613
759,3436,0,32,6,46,0,1,499710590
760,918,0,34,39,30,0,0,120847157
761,181,0,16,14,7,0,0,53909146
762,18778,3,228,105,0,0,84,2236667932
763,22730,5,289,87,0,0,36,2123309722
764,5542,0,52,16,65,0,206,301242089
373,9021,0,242,49,272,21,24,723894473
765,9021,0,242,49,272,21,24,723894473
766,4627,0,38,13,32,0,0,237351106
767,2229,0,27,44,24,0,5,461558540
768,1112,6,7,30,13,1,1,417230415
769,2575,0,4,5,12,0,51,156898322
770,3107,0,4,0,22,0,0,127309180
771,1179,0,7,21,11,0,0,313113297
772,3486,0,20,10,33,0,0,173702135
773,2942,0,42,28,43,0,0,271666301
774,1443,0,9,11,22,1,0,305650299
775,3028,0,22,0,23,0,0,123216717
776,1796,8,8,25,18,1,0,479655659
777,2729,0,3,7,13,0,1,126191104
778,1195,0,8,30,13,1,1,344055883
779,892,3,10,24,11,0,0,338422004
780,1635,0,4,1,6,0,0,68895644
781,2291,0,9,0,8,0,0,86176890
782,1029,28,5,28,9,0,0,403231558
783,1681,7,10,30,13,0,33,319546754
784,1480,0,1,0,5,0,0,61739839
785,829,0,4,15,10,0,0,283359161
786,2308,0,7,0,7,0,0,76831876
787,1004,1,8,12,9,0,0,283332261
788,1367,0,48,4,34,1,0,307752576
789,1112,3,7,25,12,0,0,279737940
790,1209,0,9,7,14,0,1,212351890
791,9539,15,162,116,355,7,0,1304313953
792,1992,0,35,0,3,0,0,150500965
793,897,0,6,20,8,0,0,246127838
794,2948,0,10,2,150,0,0,582863434
795,1860,0,1,0,3,0,0,58687425
796,802,0,16,81,23,0,0,212109195
797,2224,8,48,40,87,1,210,382199619
798,1103,0,0,0,0,0,0,41210087
799,2265,0,93,12,173,11,3,231657891
800,555,0,10,4,4,0,0,53729194
801,2050,0,52,9,46,0,1,244741137
802,1493,0,2,0,10,0,0,42485571
803,1545,0,1,0,4,0,0,37778188
804,2350,0,28,42,23,0,0,254218729
805,1929,0,2,0,4,0,0,53603447
806,710,4,16,11,18,0,0,160035717
807,928,0,19,0,7,0,0,164163229
808,1194,0,0,0,3,0,0,37091576
809,349,6,10,22,3,0,0,284249832
810,1890,0,3,0,2,0,0,33381454
811,1308,2,23,16,9,0,5,184622518
812,4531,0,135,74,119,1,18,300983101
813,1657,0,15,3,3,0,0,121077868
814,1351,0,26,1,17,0,0,106919680
815,608,0,5,29,14,0,0,136996305
816,1211,0,31,0,19,0,2,65719930
817,629,0,18,75,9,0,0,229497852
818,1301,0,23,1,15,0,0,185550869
819,1329,0,42,51,32,0,0,54682594
820,343,2,4,35,11,1,1,240580042
821,13101,9,137,5,582,0,0,1284942608
822,2939,0,29,0,30,0,0,71423324
823,407,1,5,0,5,0,0,244891912
824,1492,0,26,2,15,0,2,132171975
825,2264,0,11,6,25,0,1,184706613
826,801,0,42,9,24,1,1,184826429
827,829,0,32,110,26,0,0,302006641
828,736,0,5,132,17,0,3,330881149
829,4449,1,80,11,66,0,1,334733572
830,3218,3,29,10,79,0,0,366214458
831,327,0,5,40,12,0,0,114546317
832,2775,0,21,11,40,0,0,290833204
833,4576,0,79,13,93,0,17,448500832
834,2313,0,34,0,29,0,0,136676504
835,3983,0,73,45,119,0,0,190625045
836,279,0,0,18,6,0,0,79095270
837,2302,0,20,3,39,0,0,273194684
838,3559,3,36,1,31,0,1,333146475
839,2129,0,23,1,44,1,0,194902696
840,3291,5,43,28,79,0,208,311482393
841,5328,0,54,76,900,0,0,195918494
842,1401,0,26,16,17,0,1,248511839
843,1933,0,13,2,31,0,0,233671263
844,1986,0,7,1,15,0,0,199587884
845,1057,0,51,14,19,0,0,91781263
846,5115,13,109,38,301,1,33,383835984
847,2094,1,8,1,18,0,0,236060709
848,2171,0,18,1,28,0,0,189236868
849,896,0,19,0,15,0,0,160845341
850,5148,0,90,22,365,0,114,588955257
851,2528,0,63,8,270,2,105,238350348
852,1900,1,15,1,23,0,0,187703102
853,3879,2,107,76,86,1,9,295307001
854,896,0,0,0,2,0,0,138334433
855,8775,0,33,60,107,1,0,445590495
856,5290,0,139,73,142,0,5,286739476
857,10211,0,38,79,65,0,1,1122364376
858,584,8,12,1,8,0,1,157136970
859,1517,0,26,2,30,0,0,137070925
860,246,4,4,106,0,0,7,183273246
861,220,4,16,5,0,0,6,184807630
862,514,0,5,36,1,0,0,164856284
863,6080,0,112,198,406,1,0,704171068
864,9724,0,222,61,259,14,2,354614964
865,2341,0,37,2,38,2,0,279717388
866,5263,0,66,89,61,0,11,195628667
867,2402,0,45,2,26,0,1,221752937
868,795,11,26,18,15,1,4,263280370
869,571,0,19,21,14,0,2,213505179
870,832,3,18,124,24,1,0,130419412
871,565,0,6,52,11,0,0,155795783
872,41231,1,228,151,0,3,99,1553497987
873,4526,12,156,275,150,3,128,293466523
179,1818,0,3,0,63,0,353,711366595
874,1818,0,3,0,63,0,353,711366595
875,2814,0,38,105,25,0,2,191448892
876,1601,0,11,0,2,0,0,85924992
877,894,4,28,0,54,0,0,176103902
878,945,0,49,3,57,0,0,121189256
879,767,0,25,0,22,0,0,131746175
880,5898,5,129,55,128,0,101,244790012
881,685,2,17,0,24,0,30,129314708
882,1452,35,16,15,20,0,0,331511413
883,1456,0,53,2,33,0,0,219196651
884,2107,0,51,1,50,0,0,170732845
885,1494,2,17,12,15,0,0,273914335
886,1379,4,23,10,18,0,0,179061440
887,625,4,13,18,12,0,0,185236961
888,2688,0,39,47,36,0,0,171788484
889,2668,2,38,266,78,0,141,387080183
890,799,12,14,141,9,0,1,264717480
891,1189,6,17,10,16,0,4,244928911
892,367,0,28,67,195,0,0,97610446
893,527,4,10,43,3,1,0,287278853
894,17504,34,63,39,0,0,2,887906111
895,3113,0,54,6,124,1,0,123473120
896,685,5,15,79,4,2,0,295152154
897,782,9,15,33,6,1,0,323455692
898,2442,0,81,4,248,1,6,240918092
899,1112,4,22,2,65,1,3,191873381
900,4967,0,165,10,177,4,73,284216603
901,2520,4,93,95,84,9,202,239411309
902,767,12,20,129,11,0,12,265548837
903,19806,7,33,11,274,0,0,703301727
904,5153,6,102,53,113,12,0,244585109
905,615,0,14,77,15,1,2,189476119
906,2537,0,49,1,67,11,1,277132266
907,1647,30,20,49,23,2,2,278920007
908,2019,8,117,72,107,1,7,222410722
909,1473,12,25,36,25,1,0,185392587
910,1613,0,21,15,13,0,0,202452860
911,30992,6,124,25,0,1,0,1608164312
912,10826,4,24,0,805,0,0,624101957
913,920,0,10,1,8,0,0,148461629
914,308,0,6,1,6,0,0,47093942
915,2468,0,15,0,0,0,0,380319238
916,1097,2,18,10,13,1,1,209106362
917,330,0,3,0,2,0,0,53987404
918,1584,0,38,0,24,0,0,115331792
919,1585,5,78,65,328,1,198,225093344
920,766,0,16,0,9,0,0,84697729
921,836,0,14,1,13,0,0,159240673
922,430,6,14,116,9,0,11,170709584
923,2020,0,77,10,119,0,40,154356956
924,6858,0,31,21,15,0,4,723043854
925,3682,6,41,0,158,2,68,247689123
926,1639,0,86,14,80,0,37,176474912
927,452,10,2,129,13,0,1,235549288
928,668,1,0,0,31,0,0,140430339
929,991,0,36,38,13,0,3,85559365
930,869,7,14,12,12,2,28,146223492
931,648,4,0,0,30,0,0,187701588
932,1545,0,22,7,15,0,0,154863153
933,1930,0,24,8,17,0,1,191333656
934,1948,0,12,9,16,0,0,253650850
935,1608,0,10,3,12,0,0,223064273
936,1338,0,9,20,7,0,0,170413877
937,1936,0,7,5,13,0,0,218320587
938,1794,0,26,9,17,0,3,141720999
939,1597,0,6,3,15,0,0,187339835
940,1652,2,26,52,10,0,95,198365537
941,1747,0,9,6,13,0,2,186104310
942,1715,0,4,5,8,0,0,177503916
943,486,0,8,1,7,0,0,71095708
944,1007,0,6,5,3,0,0,112436403
945,481,9,10,100,15,1,27,203436468
946,1045,0,8,5,2,0,0,93367537
947,1060,0,3,8,5,0,0,106249219
948,1274,0,1,6,11,0,0,181382590
949,953,0,61,13,37,1,0,91473363
950,1180,0,4,0,8,0,0,121871870
951,573,0,2,0,7,0,0,73513683
952,1320,0,29,26,17,0,0,133895612
953,782,2,27,18,32,1,0,96007391
